-- User --
INSERT INTO users (user_id, first_name, last_name, dob, membership) VALUES('USER001', 'Minh Giang', 'Đặng', '2007-06-09', 'N');
INSERT INTO users (user_id, first_name, last_name, dob, membership) VALUES('USER002', 'Chí Thành', 'Trần', '2005-01-09', 'N');
INSERT INTO users (user_id, first_name, last_name, dob, membership) VALUES('USER003', 'Ðức Phong', 'Phan', '1998-10-30', 'N');
INSERT INTO users (user_id, first_name, last_name, dob, membership) VALUES('USER004', 'Ðông Nguyên', 'Đỗ', '1991-05-31', 'N');
INSERT INTO users (user_id, first_name, last_name, dob, membership) VALUES('USER005', 'Tùng Lâm', 'Hồ', '1993-09-19', 'N');
INSERT INTO users (user_id, first_name, last_name, dob, membership) VALUES('USER006', 'Hòa Thái', 'Lê', '1999-10-24', 'N');
INSERT INTO users (user_id, first_name, last_name, dob, membership) VALUES('USER007', 'Công Lập', 'Dương', '1994-12-23', 'N');
INSERT INTO users (user_id, first_name, last_name, dob, membership) VALUES('USER008', 'Kim Hoàng', 'Phan', '1995-05-26', 'N');
INSERT INTO users (user_id, first_name, last_name, dob, membership) VALUES('USER009', 'Huy Hoàng', 'Đỗ', '2005-03-27', 'N');
INSERT INTO users (user_id, first_name, last_name, dob, membership) VALUES('USER010', 'Khánh Hoàn', 'Dương', '1994-07-22', 'N');
INSERT INTO users (user_id, first_name, last_name, dob, membership) VALUES('USER011', 'Gia Hùng', 'Phan', '2004-12-10', 'N');
INSERT INTO users (user_id, first_name, last_name, dob, membership) VALUES('USER012', 'Đăng Quang', 'Đỗ', '1995-02-09', 'N');
INSERT INTO users (user_id, first_name, last_name, dob, membership) VALUES('USER013', 'Lương Quyền', 'Nguyễn', '1994-02-08', 'N');
INSERT INTO users (user_id, first_name, last_name, dob, membership) VALUES('USER014', 'Duy Khang', 'Đỗ', '2005-03-21', 'N');
INSERT INTO users (user_id, first_name, last_name, dob, membership) VALUES('USER015', 'Trọng Dũng', 'Đỗ', '1993-03-15', 'N');
INSERT INTO users (user_id, first_name, last_name, dob, membership) VALUES('USER016', 'Hán Lâm', 'Đặng', '2006-01-07', 'N');
INSERT INTO users (user_id, first_name, last_name, dob, membership) VALUES('USER017', 'Thành Hòa', 'Phạm', '2005-07-06', 'N');
INSERT INTO users (user_id, first_name, last_name, dob, membership) VALUES('USER018', 'Minh Hòa', 'Hồ', '1990-07-10', 'N');
INSERT INTO users (user_id, first_name, last_name, dob, membership) VALUES('USER019', 'Quốc Trung', 'Phạm', '2000-07-04', 'N');
INSERT INTO users (user_id, first_name, last_name, dob, membership) VALUES('USER020', 'Gia Vinh', 'Lê', '2002-03-19', 'N');
INSERT INTO users (user_id, first_name, last_name, dob, membership) VALUES('USER021', 'Chiêu Quân', 'Trần', '2010-02-25', 'N');
INSERT INTO users (user_id, first_name, last_name, dob, membership) VALUES('USER022', 'Anh Khôi', 'Lê', '1995-08-28', 'N');
INSERT INTO users (user_id, first_name, last_name, dob, membership) VALUES('USER023', 'Bình An', 'Trần', '1996-05-31', 'N');
INSERT INTO users (user_id, first_name, last_name, dob, membership) VALUES('USER024', 'Mạnh Thiện', 'Phan', '1990-01-09', 'N');
INSERT INTO users (user_id, first_name, last_name, dob, membership) VALUES('USER025', 'Ðình Ngân', 'Nguyễn', '2008-04-05', 'N');
INSERT INTO users (user_id, first_name, last_name, dob, membership) VALUES('USER026', 'Trí Tịnh', 'Hoàng', '2004-04-07', 'N');
INSERT INTO users (user_id, first_name, last_name, dob, membership) VALUES('USER027', 'Phước Nhân', 'Hồ', '1996-07-12', 'N');
INSERT INTO users (user_id, first_name, last_name, dob, membership) VALUES('USER028', 'Anh Ðức', 'Hồ', '2007-07-01', 'N');
INSERT INTO users (user_id, first_name, last_name, dob, membership) VALUES('USER029', 'Giang Nam', 'Phạm', '1992-09-02', 'N');
INSERT INTO users (user_id, first_name, last_name, dob, membership) VALUES('USER030', 'Bình Dân', 'Hoàng', '2010-05-08', 'N');
INSERT INTO users (user_id, first_name, last_name, dob, membership) VALUES('USER031', 'Ðức Quang', 'Phan', '1998-07-20', 'N');
INSERT INTO users (user_id, first_name, last_name, dob, membership) VALUES('USER032', 'Hồng Lĩnh', 'Phạm', '2004-10-09', 'N');
INSERT INTO users (user_id, first_name, last_name, dob, membership) VALUES('USER033', 'Thanh Tú', 'Phan', '1995-03-12', 'N');
INSERT INTO users (user_id, first_name, last_name, dob, membership) VALUES('USER034', 'Bình Yên', 'Đỗ', '2003-11-23', 'N');
INSERT INTO users (user_id, first_name, last_name, dob, membership) VALUES('USER035', 'Thanh Tịnh', 'Trần', '2010-01-30', 'N');
INSERT INTO users (user_id, first_name, last_name, dob, membership) VALUES('USER036', 'Hoàng Khải', 'Đặng', '1996-08-03', 'N');
INSERT INTO users (user_id, first_name, last_name, dob, membership) VALUES('USER037', 'Huân Võ', 'Phan', '2000-04-11', 'N');
INSERT INTO users (user_id, first_name, last_name, dob, membership) VALUES('USER038', 'Thái Bình', 'Ngô', '2000-11-16', 'N');
INSERT INTO users (user_id, first_name, last_name, dob, membership) VALUES('USER039', 'Hồ Bắc', 'Đỗ', '1996-04-15', 'N');
INSERT INTO users (user_id, first_name, last_name, dob, membership) VALUES('USER040', 'Thanh Trung', 'Nguyễn', '1997-05-18', 'N');
INSERT INTO users (user_id, first_name, last_name, dob, membership) VALUES('USER041', 'Ðức Tuấn', 'Lê', '1991-03-24', 'N');
INSERT INTO users (user_id, first_name, last_name, dob, membership) VALUES('USER042', 'Minh Vũ', 'Dương', '2000-02-02', 'N');
INSERT INTO users (user_id, first_name, last_name, dob, membership) VALUES('USER043', 'Ðình Cường', 'Trần', '2005-12-23', 'N');
INSERT INTO users (user_id, first_name, last_name, dob, membership) VALUES('USER044', 'Thái Ðức', 'Hoàng', '1995-02-11', 'N');
INSERT INTO users (user_id, first_name, last_name, dob, membership) VALUES('USER045', 'Hữu Bào', 'Nguyễn', '2008-05-01', 'N');
INSERT INTO users (user_id, first_name, last_name, dob, membership) VALUES('USER046', 'Duy An', 'Phan', '2010-06-12', 'N');
INSERT INTO users (user_id, first_name, last_name, dob, membership) VALUES('USER047', 'Hoài Vỹ', 'Phạm', '1992-11-01', 'N');
INSERT INTO users (user_id, first_name, last_name, dob, membership) VALUES('USER048', 'Toàn Thắng', 'Lê', '2009-09-27', 'N');
INSERT INTO users (user_id, first_name, last_name, dob, membership) VALUES('USER049', 'Tất Bình', 'Hồ', '2004-03-09', 'N');
INSERT INTO users (user_id, first_name, last_name, dob, membership) VALUES('USER050', 'Thanh Minh', 'Phan', '2009-04-08', 'N');
INSERT INTO users (user_id, first_name, last_name, dob, membership) VALUES('USER051', 'Minh Khiếu', 'Phan', '2010-03-30', 'N');
INSERT INTO users (user_id, first_name, last_name, dob, membership) VALUES('USER052', 'Mạnh Tấn', 'Hoàng', '1997-07-24', 'N');
INSERT INTO users (user_id, first_name, last_name, dob, membership) VALUES('USER053', 'Minh Thiện', 'Đỗ', '2007-01-04', 'N');
INSERT INTO users (user_id, first_name, last_name, dob, membership) VALUES('USER054', 'Thái Hòa', 'Phạm', '2005-05-24', 'N');
INSERT INTO users (user_id, first_name, last_name, dob, membership) VALUES('USER055', 'Danh Nhân', 'Đặng', '2010-03-23', 'N');
INSERT INTO users (user_id, first_name, last_name, dob, membership) VALUES('USER056', 'Trọng Nghĩa', 'Trần', '2006-12-09', 'N');
INSERT INTO users (user_id, first_name, last_name, dob, membership) VALUES('USER057', 'An Cơ', 'Phạm', '2009-06-17', 'N');
INSERT INTO users (user_id, first_name, last_name, dob, membership) VALUES('USER058', 'Thanh Lâm', 'Phạm', '2010-11-29', 'N');
INSERT INTO users (user_id, first_name, last_name, dob, membership) VALUES('USER059', 'Xuân Thảo', 'Hoàng', '1996-10-05', 'N');
INSERT INTO users (user_id, first_name, last_name, dob, membership) VALUES('USER060', 'Linh Hà', 'Đặng', '2007-03-07', 'N');
INSERT INTO users (user_id, first_name, last_name, dob, membership) VALUES('USER061', 'Thanh Nhàn', 'Phan', '2007-12-21', 'N');
INSERT INTO users (user_id, first_name, last_name, dob, membership) VALUES('USER062', 'Gia Linh', 'Hồ', '1990-02-21', 'N');
INSERT INTO users (user_id, first_name, last_name, dob, membership) VALUES('USER063', 'Minh Khuê', 'Ngô', '2009-09-26', 'N');
INSERT INTO users (user_id, first_name, last_name, dob, membership) VALUES('USER064', 'Thúy My', 'Lê', '2005-11-04', 'N');
INSERT INTO users (user_id, first_name, last_name, dob, membership) VALUES('USER065', 'Nhã Thanh', 'Đỗ', '1992-03-22', 'N');
INSERT INTO users (user_id, first_name, last_name, dob, membership) VALUES('USER066', 'Phương Giang', 'Ngô', '1999-02-25', 'N');
INSERT INTO users (user_id, first_name, last_name, dob, membership) VALUES('USER067', 'Hiếu Hạnh', 'Đặng', '2000-07-02', 'N');
INSERT INTO users (user_id, first_name, last_name, dob, membership) VALUES('USER068', 'Thục Ðoan', 'Hồ', '1998-11-24', 'N');
INSERT INTO users (user_id, first_name, last_name, dob, membership) VALUES('USER069', 'Quỳnh Dung', 'Nguyễn', '2010-08-10', 'N');
INSERT INTO users (user_id, first_name, last_name, dob, membership) VALUES('USER070', 'Trúc Quỳnh', 'Nguyễn', '1996-09-09', 'N');



--Account--
INSERT INTO account (username, password, balance, user_id) VALUES('1MV2GI', '9iGNDJuW1FRN', 0, 'USER001');
INSERT INTO account (username, password, balance, user_id) VALUES('lmOIvgbdwzZvA', '9cuD5Y9d', 0, 'USER002');
INSERT INTO account (username, password, balance, user_id) VALUES('sNa1xNyUA5kuI', 'ed2oJrXal1VPYTva', 0, 'USER003');
INSERT INTO account (username, password, balance, user_id) VALUES('LRoRvzbZKOz', 'gVhgFKu7rqhJ', 0, 'USER004');
INSERT INTO account (username, password, balance, user_id) VALUES('xvaz7qFpfNX', 'pZrtb3bL1usxyDQv', 0, 'USER005');
INSERT INTO account (username, password, balance, user_id) VALUES('B9coN', 'S7TEebWH2MaZCoN', 0, 'USER006');
INSERT INTO account (username, password, balance, user_id) VALUES('HI3A24JW4ZMKPAUt', 'e4JXNgspIsn6n', 0, 'USER007');
INSERT INTO account (username, password, balance, user_id) VALUES('jXOv7y5u', 'w9Vt4X4mTJCVWoj', 0, 'USER008');
INSERT INTO account (username, password, balance, user_id) VALUES('9dDLNtR9vyail1Qk', '9rywWtjWg7vgzT', 0, 'USER009');
INSERT INTO account (username, password, balance, user_id) VALUES('zjlTTtGuls', 'zjwvKfU5Sxym4', 0, 'USER010');
INSERT INTO account (username, password, balance, user_id) VALUES('vyFHxyLqGYS8C3', 'qHNmKY9cafeOiUBf', 0, 'USER011');
INSERT INTO account (username, password, balance, user_id) VALUES('UStbqDhNFseKraL2Y', 'QKKMoOZRyIis', 0, 'USER012');
INSERT INTO account (username, password, balance, user_id) VALUES('AetupqbG7d6F76iFGWF', 'wmmLe4RHx', 0, 'USER013');
INSERT INTO account (username, password, balance, user_id) VALUES('Aq4VVjfuDJRPY', '4GKZTB41qH2hUwBZ', 0, 'USER014');
INSERT INTO account (username, password, balance, user_id) VALUES('qdWTwHBfIcf21bwBUOf2', 'iCgsgixjPbdBedyG', 0, 'USER015');
INSERT INTO account (username, password, balance, user_id) VALUES('2KEdUQjzwvm0', 'UULepAqadaniL', 0, 'USER016');
INSERT INTO account (username, password, balance, user_id) VALUES('OotKrRCpPz6NUt', 'u9t0RaiBhvXRR', 0, 'USER017');
INSERT INTO account (username, password, balance, user_id) VALUES('aiq2XS2od82s', '7hKwgNPCKXrfh4Z', 0, 'USER018');
INSERT INTO account (username, password, balance, user_id) VALUES('0oA3ln9753ghDhdlv', 'HY9x0bD9SuelM8wG', 0, 'USER019');
INSERT INTO account (username, password, balance, user_id) VALUES('tHt2kJ', 'f5AA4v1VSAk', 0, 'USER020');
INSERT INTO account (username, password, balance, user_id) VALUES('1kdONJ4352Epj1laQQ', 'kvEje5h2Be', 0, 'USER021');
INSERT INTO account (username, password, balance, user_id) VALUES('xiwt0', 'Qr3q3B8O', 0, 'USER022');
INSERT INTO account (username, password, balance, user_id) VALUES('1GV3HXYALLHZY5pqE4q', '6v09FuZZyCrl', 0, 'USER023');
INSERT INTO account (username, password, balance, user_id) VALUES('nWmzEF9tz2FD', '3pgE2sXPWfzWJ', 0, 'USER024');
INSERT INTO account (username, password, balance, user_id) VALUES('Uu4TTDN6E5R9b', '8jkToP6OdFKiCc', 0, 'USER025');
INSERT INTO account (username, password, balance, user_id) VALUES('5MT6Ne', 'F6Qjaju9npHBSwWi', 0, 'USER026');
INSERT INTO account (username, password, balance, user_id) VALUES('WsiAoZk7RD5jXvF', 'gQZHIrPDtND', 0, 'USER027');
INSERT INTO account (username, password, balance, user_id) VALUES('RtFWAv08q', 'uOvkVm7CP', 0, 'USER028');
INSERT INTO account (username, password, balance, user_id) VALUES('10ZTbIHN2Koh', '7ULkM2v0acN7Z5Y', 0, 'USER029');
INSERT INTO account (username, password, balance, user_id) VALUES('vwcFiK', 'qrVlhZ1Z1kU0X', 0, 'USER030');
INSERT INTO account (username, password, balance, user_id) VALUES('1OERPzkN', 'Mit8lZPh0YrM7uhB', 0, 'USER031');
INSERT INTO account (username, password, balance, user_id) VALUES('w4BvaQ9En96s6Qwv', 'NJA29nuO6uxfs', 0, 'USER032');
INSERT INTO account (username, password, balance, user_id) VALUES('nWFsLHO0mcF3Y', 'wq6bwWgiN', 0, 'USER033');
INSERT INTO account (username, password, balance, user_id) VALUES('fCohaveeqJJxyZ8', 'WPyi0fpgN', 0, 'USER034');
INSERT INTO account (username, password, balance, user_id) VALUES('9ZmI4VdyqL4iwEP0kt', 'UpllWiyit', 0, 'USER035');
INSERT INTO account (username, password, balance, user_id) VALUES('CS0NVQOBaHwg', 'LxJThQD6J', 0, 'USER036');
INSERT INTO account (username, password, balance, user_id) VALUES('wxtLRrBgfgwVD74sS8qz', 'HeSWFc8x0', 0, 'USER037');
INSERT INTO account (username, password, balance, user_id) VALUES('mafgIGRiG', 'dfYEyicCabj', 0, 'USER038');
INSERT INTO account (username, password, balance, user_id) VALUES('cZV1AyUofSX8L', 'nmAlIcJk5rzJ39', 0, 'USER039');
INSERT INTO account (username, password, balance, user_id) VALUES('AIzqL', '2DCPp07cs', 0, 'USER040');
INSERT INTO account (username, password, balance, user_id) VALUES('MCwUbEbFG', 'Z4L7aGShTpFobl', 0, 'USER041');
INSERT INTO account (username, password, balance, user_id) VALUES('teg0ao', 'yLRQ7B35ED', 0, 'USER042');
INSERT INTO account (username, password, balance, user_id) VALUES('z8qcKcnznkz9', 'nSq3Dd4VrKg', 0, 'USER043');
INSERT INTO account (username, password, balance, user_id) VALUES('lCHpaT', 'JWKp5mceZ', 0, 'USER044');
INSERT INTO account (username, password, balance, user_id) VALUES('FnzPezisuujzV', 'uswCEz80yKfiR', 0, 'USER045');
INSERT INTO account (username, password, balance, user_id) VALUES('Gf9FtMwwYnwoeDvJgc', 'IkNRkSINcN1tqrc', 0, 'USER046');
INSERT INTO account (username, password, balance, user_id) VALUES('G31h9NKh5y', 'ic7UIebpX', 0, 'USER047');
INSERT INTO account (username, password, balance, user_id) VALUES('mNdxlABP', '4ega3r6Q', 0, 'USER048');
INSERT INTO account (username, password, balance, user_id) VALUES('zG7O9Ro1Iuncd1T2t', 'IB5wtbCOuTS', 0, 'USER049');
INSERT INTO account (username, password, balance, user_id) VALUES('haY2Unu4s56wY71tB', '1wH4hOhNwo2u', 0, 'USER050');
INSERT INTO account (username, password, balance, user_id) VALUES('Mv8Givmfq7x56', 'LcykmxPcg', 0, 'USER051');
INSERT INTO account (username, password, balance, user_id) VALUES('JvhtYIbtEcZ4I', 'qtczQRPaCCRFfT90', 0, 'USER052');
INSERT INTO account (username, password, balance, user_id) VALUES('ZdGYRtpcUcx7', 'fVBEA3OduE', 0, 'USER053');
INSERT INTO account (username, password, balance, user_id) VALUES('PE60fDl2tnJ', 'dp8MErFX7mAQ', 0, 'USER054');
INSERT INTO account (username, password, balance, user_id) VALUES('Ea23JLjM5PpI2Yd', 'vjLISi1j6C6', 0, 'USER055');
INSERT INTO account (username, password, balance, user_id) VALUES('z9reyYM', '0OWbrnjD', 0, 'USER056');
INSERT INTO account (username, password, balance, user_id) VALUES('bS9T6FTeXsd8KO', 'FMLWsChN', 0, 'USER057');
INSERT INTO account (username, password, balance, user_id) VALUES('jZXRfJLJBoPBDOrNnW', 'rJQwMEkqoIYG0K8', 0, 'USER058');
INSERT INTO account (username, password, balance, user_id) VALUES('IswbVZBqU1YupGvKB', 'd9bO1UuGZdGzU', 0, 'USER059');
INSERT INTO account (username, password, balance, user_id) VALUES('tLeO89SyBILKcO9t', '6eCUr3Ct57eiIp', 0, 'USER060');
INSERT INTO account (username, password, balance, user_id) VALUES('LvQdAI8RRQDc3QtI7aKe', 'ixSN6yh37smG', 0, 'USER061');
INSERT INTO account (username, password, balance, user_id) VALUES('YLZsY9Ov25PFUnUx2', 'v2yj8Y6x', 0, 'USER062');
INSERT INTO account (username, password, balance, user_id) VALUES('XvRfqp811uCFN7rcQMP', 'gOyk3de6bBEK6Xlv', 0, 'USER063');
INSERT INTO account (username, password, balance, user_id) VALUES('wEAWEPvXuHJ6S7Ht', '4PPvEVFFPT80hF', 0, 'USER064');
INSERT INTO account (username, password, balance, user_id) VALUES('vMbT3A60GvZJ7BB10', 'os9UdGTS', 0, 'USER065');
INSERT INTO account (username, password, balance, user_id) VALUES('L4fbDsvpzvfMqwvI', '1jmqwMVPJ', 0, 'USER066');
INSERT INTO account (username, password, balance, user_id) VALUES('N4ZVr71fYpN8RNgiGNJG', 'T0tdtFFUoltWq', 0, 'USER067');
INSERT INTO account (username, password, balance, user_id) VALUES('D69rrJViy4h9SFsE2hbo', 'PSVFXriv', 0, 'USER068');
INSERT INTO account (username, password, balance, user_id) VALUES('Qe4WgwlD7sQcdnR8cCL', 'XHomdZNGWrMK5', 0, 'USER069');
INSERT INTO account (username, password, balance, user_id) VALUES('61cgu', 'PjDIskQ0DnfzG1', 0, 'USER070');
INSERT INTO account (username, password, balance, user_id) VALUES('LpSrdX7a1KF0bHaN', 'KEOeUR8JiCrin', 0, 'USER001');
INSERT INTO account (username, password, balance, user_id) VALUES('dKVgj3Ls', 'lB4vC6T3VN', 0, 'USER002');
INSERT INTO account (username, password, balance, user_id) VALUES('8oICZOsxzAYQ', '4o3DtBgRI97SG0', 0, 'USER003');
INSERT INTO account (username, password, balance, user_id) VALUES('Z48kC6eA6BQn6un9pL', 'jYaNpc8plZepc', 0, 'USER004');
INSERT INTO account (username, password, balance, user_id) VALUES('iOo17DxA2rWVCM1AbTbL', 'YN3SjWd1HecW0xu', 0, 'USER005');
INSERT INTO account (username, password, balance, user_id) VALUES('NuiZ5RxlmjZAP', 'faT8dSYKRgqQlhw', 0, 'USER006');
INSERT INTO account (username, password, balance, user_id) VALUES('I7RPM', 'R9LC4B2h6', 0, 'USER007');
INSERT INTO account (username, password, balance, user_id) VALUES('4EeaY', '9rBkKLxbuxfyM', 0, 'USER008');
INSERT INTO account (username, password, balance, user_id) VALUES('NCLcsWU5FwD8bE', 'yscQQMUTinNs', 0, 'USER009');
INSERT INTO account (username, password, balance, user_id) VALUES('dxEO1LTM', 'pphfrtf36p', 0, 'USER010');
INSERT INTO account (username, password, balance, user_id) VALUES('UtA8JaAcTGr2ANaK3jcx', 'dYhAPBDGkU8s0', 0, 'USER011');
INSERT INTO account (username, password, balance, user_id) VALUES('uMULbaoZ1', 'GO3E0kw7HE42QR', 0, 'USER012');
INSERT INTO account (username, password, balance, user_id) VALUES('F64Xx', 'O8abYMG2ecl', 0, 'USER013');
INSERT INTO account (username, password, balance, user_id) VALUES('2g7eBmtC8agh1nKgA', '6YU7cTIO', 0, 'USER014');



-- Staff --
INSERT INTO staff (staff_id, first_name, last_name, dob, role) VALUES('RE01', 'Trọng Quang', 'Đặng', '1995-01-11', 'repairer');
INSERT INTO staff (staff_id, first_name, last_name, dob, role) VALUES('RE02', 'Tiến Đạt', 'Đỗ', '1999-10-02', 'repairer');
INSERT INTO staff (staff_id, first_name, last_name, dob, role) VALUES('RE03', 'Văn Trường', 'Đỗ', '1992-05-10', 'repairer');
INSERT INTO staff (staff_id, first_name, last_name, dob, role) VALUES('RE04', 'Quang Vũ', 'Đặng', '2001-02-17', 'repairer');
INSERT INTO staff (staff_id, first_name, last_name, dob, role) VALUES('CA01', 'Thị Thanh', 'Trần', '1992-07-23', 'cashier');
INSERT INTO staff (staff_id, first_name, last_name, dob, role) VALUES('CA02', 'Văn Lâm', 'Đỗ', '1999-03-07', 'cashier');
INSERT INTO staff (staff_id, first_name, last_name, dob, role) VALUES('CA03', 'Văn Khoa', 'Lê', '1990-09-08', 'cashier');
INSERT INTO staff (staff_id, first_name, last_name, dob, role) VALUES('SE01', 'Quỳnh Anh', 'Đặng', '1992-04-15', 'server');
INSERT INTO staff (staff_id, first_name, last_name, dob, role) VALUES('SE02', 'Minh Chí', 'Nguyễn', '1993-07-04', 'server');
INSERT INTO staff (staff_id, first_name, last_name, dob, role) VALUES('SE03', 'Thị Liên', 'Lê', '1998-06-16', 'server');



-- Computer --
INSERT INTO computer(computer_id, condition) VALUES('COM000', 0);
INSERT INTO computer(computer_id, condition) VALUES('COM001', 0);
INSERT INTO computer(computer_id, condition) VALUES('COM002', 0);
INSERT INTO computer(computer_id, condition) VALUES('COM003', 0);
INSERT INTO computer(computer_id, condition) VALUES('COM004', 0);
INSERT INTO computer(computer_id, condition) VALUES('COM005', 0);
INSERT INTO computer(computer_id, condition) VALUES('COM006', 0);
INSERT INTO computer(computer_id, condition) VALUES('COM007', 0);
INSERT INTO computer(computer_id, condition) VALUES('COM008', 0);
INSERT INTO computer(computer_id, condition) VALUES('COM009', 0);
INSERT INTO computer(computer_id, condition) VALUES('COM010', 0);
INSERT INTO computer(computer_id, condition) VALUES('COM011', 0);
INSERT INTO computer(computer_id, condition) VALUES('COM012', 0);
INSERT INTO computer(computer_id, condition) VALUES('COM013', 0);
INSERT INTO computer(computer_id, condition) VALUES('COM014', 0);
INSERT INTO computer(computer_id, condition) VALUES('COM015', 0);
INSERT INTO computer(computer_id, condition) VALUES('COM016', 0);
INSERT INTO computer(computer_id, condition) VALUES('COM017', 0);
INSERT INTO computer(computer_id, condition) VALUES('COM018', 0);
INSERT INTO computer(computer_id, condition) VALUES('COM019', 0);
INSERT INTO computer(computer_id, condition) VALUES('COM020', 0);
INSERT INTO computer(computer_id, condition) VALUES('COM021', 0);
INSERT INTO computer(computer_id, condition) VALUES('COM022', 0);
INSERT INTO computer(computer_id, condition) VALUES('COM023', 0);
INSERT INTO computer(computer_id, condition) VALUES('COM024', 0);
INSERT INTO computer(computer_id, condition) VALUES('COM025', 0);
INSERT INTO computer(computer_id, condition) VALUES('COM026', 0);
INSERT INTO computer(computer_id, condition) VALUES('COM027', 0);
INSERT INTO computer(computer_id, condition) VALUES('COM028', 0);
INSERT INTO computer(computer_id, condition) VALUES('COM029', 0);
INSERT INTO computer(computer_id, condition) VALUES('COM030', 0);
INSERT INTO computer(computer_id, condition) VALUES('COM031', 0);
INSERT INTO computer(computer_id, condition) VALUES('COM032', 0);
INSERT INTO computer(computer_id, condition) VALUES('COM033', 0);
INSERT INTO computer(computer_id, condition) VALUES('COM034', 0);
INSERT INTO computer(computer_id, condition) VALUES('COM035', 0);
INSERT INTO computer(computer_id, condition) VALUES('COM036', 0);
INSERT INTO computer(computer_id, condition) VALUES('COM037', 0);
INSERT INTO computer(computer_id, condition) VALUES('COM038', 0);
INSERT INTO computer(computer_id, condition) VALUES('COM039', 0);
INSERT INTO computer(computer_id, condition) VALUES('COM040', 0);
INSERT INTO computer(computer_id, condition) VALUES('COM041', 0);
INSERT INTO computer(computer_id, condition) VALUES('COM042', 0);
INSERT INTO computer(computer_id, condition) VALUES('COM043', 0);
INSERT INTO computer(computer_id, condition) VALUES('COM044', 0);
INSERT INTO computer(computer_id, condition) VALUES('COM045', 0);
INSERT INTO computer(computer_id, condition) VALUES('COM046', 0);
INSERT INTO computer(computer_id, condition) VALUES('COM047', 0);
INSERT INTO computer(computer_id, condition) VALUES('COM048', 0);
INSERT INTO computer(computer_id, condition) VALUES('COM049', 0);



-- Service --
INSERT INTO service(name, price, restrict) VALUES ('Cofee', 15000, 0);
INSERT INTO service(name, price, restrict) VALUES ('Big coffee', 25000, 0);
INSERT INTO service(name, price, restrict) VALUES ('Small cofee', 10000, 0);
INSERT INTO service(name, price, restrict) VALUES ('Coca Cola', 7000, 0);
INSERT INTO service(name, price, restrict) VALUES ('Pesi', 7000, 0);
INSERT INTO service(name, price, restrict) VALUES ('Sting', 8000, 0);
INSERT INTO service(name, price, restrict) VALUES ('Normal noodles', 10000, 0);
INSERT INTO service(name, price, restrict) VALUES ('Big noodles', 20000, 0);
INSERT INTO service(name, price, restrict) VALUES ('Small ice cream', 5000, 0);
INSERT INTO service(name, price, restrict) VALUES ('Ice cream', 13000, 0);
INSERT INTO service(name, price, restrict) VALUES ('Big ice cream', 20000, 0);
INSERT INTO service(name, price, restrict) VALUES ('555 tobacco', 26000, 1);
INSERT INTO service(name, price, restrict) VALUES ('Thang Long tobacco', 10000, 1);
INSERT INTO service(name, price, restrict) VALUES ('Sai gon silver tobacoo', 15000, 1);



-- App --
INSERT INTO app(name) VALUES('Google Chrome');
INSERT INTO app(name) VALUES('Firefox');
INSERT INTO app(name) VALUES('Spotify');
INSERT INTO app(name) VALUES('VLC');
INSERT INTO app(name) VALUES('Microsoft Office');
INSERT INTO app(name) VALUES('WPS Office');
INSERT INTO app(name) VALUES('Adobe Photoshop');
INSERT INTO app(name) VALUES('Dropbox');
INSERT INTO app(name) VALUES('Filmora');
INSERT INTO app(name) VALUES('Adobe After Effects');
INSERT INTO app(name) VALUES('Skype');
INSERT INTO app(name) VALUES('Slack');
INSERT INTO app(name) VALUES('Microsoft Teams');
INSERT INTO app(name) VALUES('Discord');
INSERT INTO app(name) VALUES('BlueStack');
INSERT INTO app(name) VALUES('Notepad++');
INSERT INTO app(name) VALUES('Diablo 3');
INSERT INTO app(name) VALUES('League of Legends');
INSERT INTO app(name) VALUES('Valheim');
INSERT INTO app(name) VALUES('Valorant');
INSERT INTO app(name) VALUES('No Man''s Sky');
INSERT INTO app(name) VALUES('Rainbow Six: Siege');
INSERT INTO app(name) VALUES('PUBG: Battlegrounds');
INSERT INTO app(name) VALUES('Monster Hunter World');
INSERT INTO app(name) VALUES('Overcooked 2');
INSERT INTO app(name) VALUES('Rocket League');
INSERT INTO app(name) VALUES('Dead By Daylight');
INSERT INTO app(name) VALUES('Among Us');
INSERT INTO app(name) VALUES('Super Smash Bros. Ultimate');
INSERT INTO app(name) VALUES('Stardew Valley');
INSERT INTO app(name) VALUES('Apex Legends');
INSERT INTO app(name) VALUES('GTA Online');
INSERT INTO app(name) VALUES('Halo Infinite');
INSERT INTO app(name) VALUES('Forza Horizon 5');
INSERT INTO app(name) VALUES('Minecraft');
INSERT INTO app(name) VALUES('Destiny 2');
INSERT INTO app(name) VALUES('Sea of Thieves');
INSERT INTO app(name) VALUES('Call of Duty: Warzone');
INSERT INTO app(name) VALUES('Fall Guys');
INSERT INTO app(name) VALUES('Mario Kart 8: Deluxe');
INSERT INTO app(name) VALUES('Fortnite');
